{
  "dashboard": "لوحة القيادة",
  "analytics": "تحليلات",
  "ecommerce": "تجارة اكترونية",
  "project": "مشروع",
  "chat": "دردشة",
  "email": "بريد الكتروني",
  "kanban": "كانبان",
  "task": "مهمة",
  "calender": "تقويم",
  "projects": "المشاريع",
  "base ui": "واجهة المستخدم الأساسية",
  "accordion": "أكورديون",
  "alert": "تنبيه",
  "avatar": "الصورة الرمزية",
  "badge": "شارة",
  "breadcrumb": "فتات الخبز ",
  "button": "زر",
  "card": "بطاقة",
  "carousel": "دائري",
  "color": "لون",
  "combobox": "صندوق التحرير",
  "command": "أمر",
  "dropdown": "قائمة منسدلة",
  "dialog": "الحوار",
  "kbd": "كيبد",
  "pagination": "ترقيم الصفحات",
  "popover": "نبذة معينة",
  "progress": "التقدم",
  "sheet": "ورقة",
  "skeleton": "جذر",
  "tabs": "علامات التبويب",
  "toast": "تنبيه",
  "tooltip": "تلميح",
  "typography": "التصميم",
  "affix": "تثبيت",
  "calendar": "تقويم",
  "steps": "خطوات",
  "timeline": "الجدول الزمني",
  "tour": "رحلة",
  "tree": "شجرة",
  "watermark": "علامة تحذير",
  "autocomplete": "تلميح التلقائي",
  "checkbox": "تحديد",
  "file uploader": "رفع ملف",
  "input": "إدخال",
  "input group": "مجموعة الإدخال",
  "input mask": "قناع الإدخال",
  "radio": "راديو",
  "range slider": "شريط تمرير النطاق",
  "rating": "تصنيف",
  "select": "تحديد",
  "react select": "تحديد React",
  "switch": "تبديل",
  "textarea": "منطقة نصية",
  "form layout": "تخطيط النموذج",
  "form elemenets": "عناصر النموذج",
  "form validation": "التحقق من صحة النموذج",
  "use controller": "استخدام الطريي",
  "use form": "استخدام النموذج",
  "form wizard": "استعمال النموذج",
  "pages": "الصفحات",
  "error": "خطأ",
  "utility": "المساهمة",
  "invoice": "فاتورة",
  "sign in 01": "تسجيل الدخول 1",
  "sign in 02": "تسجيل الدخول 2",
  "sign in 03": "تسجيل الدخول 3",
  "sign in 04": "تسجيل الدخول 4",
  "sign in 05": "تسجيل الدخول 5",
  "sign up 01": "تسجيل 1",
  "sign up 02": "تسجيل 2",
  "sign up 03": "تسجيل 3",
  "sign up 04": "تسجيل 4",
  "sign up 05": "تسجيل 5",
  "forget password 01": "نسيت كلمة المرور 1",
  "forget password 02": "نسيت كلمة المرور 2",
  "forget password 03": "نسيت كلمة المرور 3",
  "forget password 04": "نسيت كلمة المرور 4",
  "forget password 05": "نسيت كلمة المرور 5",
  "lock screen 01": "قفل الشاشة 1",
  "lock screen 02": "قفل الشاشة 2",
  "lock screen 03": "قفل الشاشة 3",
  "lock screen 04": "قفل الشاشة 4",
  "lock screen 05": "قفل الشاشة 5",
  "two step 01": "الخطوة 2 1",
  "two step 02": "الخطوة 2 2",
  "two step 03": "الخطوة 2 3",
  "two step 04": "الخطوة 2 4",
  "two step 05": "الخطوة 2 5",
  "password create 01": "انشاء كلمة المرور 1",
  "password create 02": "انشاء كلمة المرور 2",
  "password create 03": "انشاء كلمة المرور 3",
  "password create 04": "انشاء كلمة المرور 4",
  "password create 05": "انشاء كلمة المرور 5",
  "error 401": "خطأ 401",
  "error 403": "خطأ 403",
  "error 404": "خطأ 404",
  "error 419": "خطأ 419",
  "error 429": "خطأ 429",
  "error 500": "خطأ 500",
  "error 503": "خطأ 503",
  "blank page": "صفحة فارغة",
  "comming soon": "يصبح الاستمرار",
  "under maintenance": "في الصيانة",
  "user profile": "ملف تعريف المستخدم",
  "overview": "نظرة عامة",
  "documents": "المستندات",
  "activities": "النشاطات",
  "settings": "الإعدادات",
  "invoices": "الفواتير",
  "create invoice": "انشاء فاتورة",
  "invoice list": "قائمة الفواتير",
  "email template": "قالب البريد الإلكتروني",
  "welcome": "مرحبا",
  "authentication": "المصادقة",
  "advanced": "متقدمة",
  "basic": "مبسطة",
  "reset password 01": "اعادة تعيين كلمة المرور 1",
  "reset password 02": "اعادة تعيين كلمة المرور 2",
  "verify email": "تحقق من بريدك الإلكتروني",
  "verify otp": "تحقق من OTP",
  "shop": "تسوق",
  "shopping cart": "عربة التسوق",
  "corporate": "الشركات",
  "agency": "الوكلاء",
  "blog": "مدونة",
  "photography": "التصوير",
  "tables": "الجداول",
  "simple table": "جدول بسيط",
  "tailwindui table": "جدول tailwindui",
  "data table": "جدول البيانات",
  "diagram": "الرسوم البيانية",
  "react flow": "ترتيب react",
  "organization tree": "شجرة المنظمة",
  "update node": "تحديث العقد",
  "add node": "اضافة عقد",
  "horizontal flow": "ترتيب افقي",
  "dagree tree": "شجرة دائرية",
  "download diagram": "تحميل الرسم البياني",
  "with minimap": "مع الخريطة الصغيرة",
  "with background": "مع خلفية",
  "panel position": "موضع اللوحة",
  "chart": "مخطط",
  "apex chart": "مخطط Apex",
  "rechart chart": "مخطط Rechart",
  "chart js": "مخطط Chart Js",
  "unovis": "Unovis",
  "line": "خط",
  "area": "منطقة",
  "column": "عمود",
  "bar": "شريط",
  "combo/mixed": "ترتيب متعدد",
  "Range Area": "منطقة نطاق",
  "funnel": "فانيل",
  "candle stick": "ستيكل",
  "boxplot": "بوكس بوت",
  "pie": "فيزي",
  "radar": "رادار",
  "polar area": "منطقة نطاق",
  "radial bars": "منطقة نطاق",
  "bubble": "بولب",
  "scatter": "متجر",
  "heatmap": "معدل الإحصاء",
  "treemap": "خريطة تريم",
  "composed": "منشط",
  "tree map": "خريطة تريم",
  "other": "غير ذلك",
  "scales": "المقياسات",
  "scale options": "خيارات المقياسات",
  "legend": "العلامة",
  "title": "العنوان",
  "subtitle": "العنوان الفرعي",
  "scriptable options": "خيارات السكربت",
  "animations": "التحريكات",
  "maps": "الخرائط",
  "google": "جوجل",
  "vector": "المتغير",
  "react leaflet": "نشرة الرد",
  "unovis map": "خريطة أونوفيس",
  "leaflet map": "خريطة النشرة",
  "leaflet flow": "ترتيب النشرة",
  "leaflet advance": "تقدم النشرة",
  "icons": "الأيقونات",
  "hero icons": "أيقونات هيرو",
  "lucide icons": "أيقونات لوسيد",
  "custom icons": "أيقونات مخصصة",
  "multi level": "مستوى متعدد",
  "level 1.1": "مستوى 1.1",
  "level 2": "مستوى 2",
  "application": "التطبيق",
  "components": "العناصر",
  "forms": "النماذج",
  "menu": "قائمة طعام"
}
