{
  "dashboard": "ড্যাশবোর্ড",
  "analytics": "বিশ্লেষণ",
  "ecommerce": "ই-কমার্স",
  "project": "প্রকল্প",
  "chat": "চ্যাট",
  "email": "ইমেইল",
  "kanban": "কানবান",
  "task": "কাজ",
  "calender": "ক্যালেন্ডার",
  "projects": "প্রকল্পসমূহ",
  "base ui": "বেস ইউআই",
  "accordion": "আকর্ষণীয়",
  "alert": "সতর্কতা",
  "avatar": "অবতার",
  "badge": "ব্যাজ",
  "breadcrumb": "ক্রুম্ব",
  "button": "বোতাম",
  "card": "কার্ড",
  "carousel": "ক্যারুসেল",
  "color": "রং",
  "combobox": "কম্বোবক্স",
  "command": "কমান্ড",
  "dropdown": "ড্রপডাউন",
  "dialog": "ডায়ালগ",
  "kbd": "কিবোর্ড",
  "pagination": "পৃষ্ঠানুমান",
  "popover": "পপওভার",
  "progress": "প্রগতি",
  "sheet": "শীট",
  "skeleton": "খুলনা",
  "tabs": "ট্যাব",
  "toast": "টোস্ট",
  "tooltip": "টুলটিপ",
  "typography": "টাইপোগ্রাফি",
  "affix": "আফিক্স",
  "calendar": "ক্যালেন্ডার",
  "steps": "ধাপ",
  "timeline": "সময়রেখা",
  "tour": "ভ্রমণ",
  "tree": "গাছ",
  "watermark": "ওয়াটারমার্ক",
  "autocomplete": "স্বয়ংক্রিয় পূরণ",
  "checkbox": "চেকবক্স",
  "file uploader": "ফাইল আপলোডার",
  "input": "ইনপুট",
  "input group": "ইনপুট গ্রুপ",
  "input mask": "ইনপুট মাস্ক",
  "radio": "রেডিও",
  "range slider": "রেঞ্জ স্লাইডার",
  "rating": "রেটিং",
  "select": "বাছাই করুন",
  "react select": "রিয়েক্ট সিলেক্ট",
  "switch": "সুইচ",
  "textarea": "টেক্সট এলিয়ান",
  "form layout": "ফর্ম লেআউট",
  "form elemenets": "ফর্ম এলিমেন্টস",
  "form validation": "ফর্ম যাচাই",
  "use controller": "কন্ট্রোলার ব্যবহার করুন",
  "use form": "ফর্ম ব্যবহার করুন",
  "form wizard": "ফর্ম উইজার্ড",
  "pages": "পৃষ্ঠা",
  "error": "ত্রুটি",
  "utility": "ইউটিলিটি",
  "invoice": "চালান",
  "sign in 01": "সাইন ইন ০১",
  "sign in 02": "সাইন ইন ০২",
  "sign in 03": "সাইন ইন ০৩",
  "sign in 04": "সাইন ইন ০৪",
  "sign in 05": "সাইন ইন ০৫",
  "sign up 01": "সাইন আপ ০১",
  "sign up 02": "সাইন আপ ০২",
  "sign up 03": "সাইন আপ ০৩",
  "sign up 04": "সাইন আপ ০৪",
  "sign up 05": "সাইন আপ ০৫",
  "forget password 01": "পাসওয়ার্ড ভুলে গেছি ০১",
  "forget password 02": "পাসওয়ার্ড ভুলে গেছি ০২",
  "forget password 03": "পাসওয়ার্ড ভুলে গেছি ০৩",
  "forget password 04": "পাসওয়ার্ড ভুলে গেছি ০৪",
  "forget password 05": "পাসওয়ার্ড ভুলে গেছি ০৫",
  "lock screen 01": "লক স্ক্রিন ০১",
  "lock screen 02": "লক স্ক্রিন ০২",
  "lock screen 03": "লক স্ক্রিন ০৩",
  "lock screen 04": "লক স্ক্রিন ০৪",
  "lock screen 05": "লক স্ক্রিন ০৫",
  "two step 01": "দুই ধাপ ০১",
  "two step 02": "দুই ধাপ ০২",
  "two step 03": "দুই ধাপ ০৩",
  "two step 04": "দুই ধাপ ০৪",
  "two step 05": "দুই ধাপ ০৫",
  "password create 01": "পাসওয়ার্ড তৈরি ০১",
  "password create 02": "পাসওয়ার্ড তৈরি ০২",
  "password create 03": "পাসওয়ার্ড তৈরি ০৩",
  "password create 04": "পাসওয়ার্ড তৈরি ০৪",
  "password create 05": "পাসওয়ার্ড তৈরি ০৫",
  "error 401": "ত্রুটি ৪০১",
  "error 403": "ত্রুটি ৪০৩",
  "error 404": "ত্রুটি ৪০৪",
  "error 419": "ত্রুটি ৪১৯",
  "error 429": "ত্রুটি ৪২৯",
  "error 500": "ত্রুটি ৫০০",
  "error 503": "ত্রুটি ৫০৩",
  "blank page": "ফাঁকা পাতা",
  "comming soon": "শীঘ্রই আসছে",
  "under maintenance": "রক্ষণাবেক্ষণের অধীনে",
  "user profile": "ব্যবহারকারীর প্রোফাইল",
  "overview": "সংক্ষিপ্ত বিবরণ",
  "documents": "ডকুমেন্ট",
  "activities": "কার্যকলাপ",
  "settings": "সেটিংস",
  "invoices": "চালান",
  "create invoice": "চালান তৈরি করুন",
  "invoice list": "চালানের তালিকা",
  "email template": "ইমেল টেমপ্লেট",
  "welcome": "স্বাগতম",
  "authentication": "প্রমাণীকরণ",
  "advanced": "অগ্রগত",
  "basic": "মৌলিক",
  "reset password 01": "পাসওয়ার্ড রিসেট ০১",
  "reset password 02": "পাসওয়ার্ড রিসেট ০২",
  "verify email": "ইমেল যাচাই করুন",
  "verify otp": "ওটিপি যাচাই করুন",
  "shop": "দোকান",
  "shopping cart": "শপিং কার্ট",
  "corporate": "কর্পোরেট",
  "agency": "এজেন্সি",
  "blog": "ব্লগ",
  "photography": "ফটোগ্রাফি",
  "tables": "টেবিল",
  "simple table": "সাধারণ টেবিল",
  "tailwindui table": "টেলওয়াইন্ডউই টেবিল",
  "data table": "ডেটা টেবিল",
  "diagram": "ডায়াগ্রাম",
  "react flow": "রিয়েক্ট ফ্লো",
  "organization tree": "প্রতিষ্ঠানের গাছ",
  "update node": "নোড আপডেট করুন",
  "add node": "নোড যুক্ত করুন",
  "horizontal flow": "অনুভূমিক প্রবাহ",
  "dagree tree": "ডেগ্রী গাছ",
  "download diagram": "ডায়াগ্রাম ডাউনলোড করুন",
  "with minimap": "মিনিম্যাপ সহ",
  "with background": "পটভূমি সহ",
  "panel position": "প্যানেল পজিশন",
  "chart": "চার্ট",
  "apex chart": "এপেক্স চার্ট",
  "rechart chart": "রিচার্ট চার্ট",
  "chart js": "চার্ট জেএস",
  "unovis": "ইউনোভিস",
  "line": "রেখা",
  "area": "এলাকা",
  "column": "কলাম",
  "bar": "বার",
  "combo/mixed": "কম্বো/মিশ্রিত",
  "Range Area": "রেঞ্জ এলাকা",
  "funnel": "ফানেল",
  "candle stick": "মোমবাতি স্টিক",
  "boxplot": "বক্সপলট",
  "pie": "পাই",
  "radar": "রেডার",
  "polar area": "পোলার এলাকা",
  "radial bars": "রেডিয়াল বার",
  "bubble": "বুদ্ধিমত্তা",
  "scatter": "ছিটান",
  "heatmap": "হীটম্যাপ",
  "treemap": "ট্রিম্যাপ",
  "composed": "সংযোজিত",
  "tree map": "ট্রিম্যাপ",
  "other": "অন্যান্য",
  "scales": "স্কেল",
  "scale options": "স্কেল অপশন",
  "legend": "লেজেন্ড",
  "title": "শিরোনাম",
  "subtitle": "সাবটাইটেল",
  "scriptable options": "স্ক্রিপ্টযোগ্য অপশন",
  "animations": "অ্যানিমেশন",
  "maps": "মানচিত্র",
  "google": "গুগল",
  "vector": "ভেক্টর",
  "react leaflet": "রিয়েক্ট পাতা",
  "unovis map": "ইউনোভিস ম্যাপ",
  "leaflet map": "পাতা ম্যাপ",
  "leaflet flow": "পাতা প্রবাহ",
  "leaflet advance": "পাতা অগ্রগতি",
  "icons": "আইকন",
  "hero icons": "হিরো আইকন",
  "lucide icons": "লুসিড আইকন",
  "custom icons": "কাস্টম আইকন",
  "multi level": "মাল্টি লেভেল",
  "level 1.1": "লেভেল ১.১",
  "level 2": "লেভেল ২",
  "application": "অ্যাপ্লিকেশন",
  "components": "উপাদান",
  "forms": "ফর্ম",
  "menu": "তালিকা"
}
