{
  "dashboard": "dashboard",
  "analytics": "analytics",
  "ecommerce": "ecommerce",
  "project": "project",
  "chat": "chat",
  "email": "email",
  "kanban": "kanban",
  "task": "task",
  "calender": "calendar",
  "projects": "projects",
  "base ui": "base UI",
  "accordion": "accordion",
  "alert": "alert",
  "avatar": "avatar",
  "badge": "badge",
  "breadcrumb": "breadcrumb",
  "button": "button",
  "card": "card",
  "carousel": "carousel",
  "color": "color",
  "combobox": "combobox",
  "command": "command",
  "dropdown": "dropdown",
  "dialog": "dialog",
  "kbd": "kbd",
  "pagination": "pagination",
  "popover": "popover",
  "progress": "progress",
  "sheet": "sheet",
  "skeleton": "skeleton",
  "tabs": "tabs",
  "toast": "toast",
  "tooltip": "tooltip",
  "typography": "typography",
  "affix": "affix",
  "calendar": "calendar",
  "steps": "steps",
  "timeline": "timeline",
  "tour": "tour",
  "tree": "tree",
  "watermark": "watermark",
  "autocomplete": "autocomplete",
  "checkbox": "checkbox",
  "file uploader": "file uploader",
  "input": "input",
  "input group": "input group",
  "input mask": "input mask",
  "radio": "radio",
  "range slider": "range slider",
  "rating": "rating",
  "select": "select",
  "react select": "react select",
  "switch": "switch",
  "textarea": "textarea",
  "form layout": "form layout",
  "form elemenets": "form elements",
  "form validation": "form validation",
  "use controller": "use controller",
  "use form": "use form",
  "form wizard": "form wizard",
  "pages": "pages",
  "error": "error",
  "utility": "utility",
  "invoice": "invoice",
  "sign in 01": "sign in 01",
  "sign in 02": "sign in 02",
  "sign in 03": "sign in 03",
  "sign in 04": "sign in 04",
  "sign in 05": "sign in 05",
  "sign up 01": "sign up 01",
  "sign up 02": "sign up 02",
  "sign up 03": "sign up 03",
  "sign up 04": "sign up 04",
  "sign up 05": "sign up 05",
  "forget password 01": "forget password 01",
  "forget password 02": "forget password 02",
  "forget password 03": "forget password 03",
  "forget password 04": "forget password 04",
  "forget password 05": "forget password 05",
  "lock screen 01": "lock screen 01",
  "lock screen 02": "lock screen 02",
  "lock screen 03": "lock screen 03",
  "lock screen 04": "lock screen 04",
  "lock screen 05": "lock screen 05",
  "two step 01": "two step 01",
  "two step 02": "two step 02",
  "two step 03": "two step 03",
  "two step 04": "two step 04",
  "two step 05": "two step 05",
  "password create 01": "password create 01",
  "password create 02": "password create 02",
  "password create 03": "password create 03",
  "password create 04": "password create 04",
  "password create 05": "password create 05",
  "error 401": "error 401",
  "error 403": "error 403",
  "error 404": "error 404",
  "error 419": "error 419",
  "error 429": "error 429",
  "error 500": "error 500",
  "error 503": "error 503",
  "blank page": "blank page",
  "comming soon": "coming soon",
  "under maintenance": "under maintenance",
  "user profile": "user profile",
  "overview": "overview",
  "documents": "documents",
  "activities": "activities",
  "settings": "settings",
  "invoices": "invoices",
  "create invoice": "create invoice",
  "invoice list": "invoice list",
  "email template": "email template",
  "welcome": "welcome",
  "authentication": "authentication",
  "advanced": "advanced",
  "basic": "basic",
  "reset password 01": "reset password 01",
  "reset password 02": "reset password 02",
  "verify email": "verify email",
  "verify otp": "verify otp",
  "shop": "shop",
  "shopping cart": "shopping cart",
  "corporate": "corporate",
  "agency": "agency",
  "blog": "blog",
  "photography": "photography",
  "tables": "tables",
  "simple table": "simple table",
  "tailwindui table": "tailwindui table",
  "data table": "data table",
  "diagram": "diagrams",
  "react flow": "react flow",
  "organization tree": "organization tree",
  "update node": "update node",
  "add node": "add node",
  "horizontal flow": "horizontal flow",
  "dagree tree": "dagree tree",
  "download diagram": "download diagram",
  "with minimap": "with minimap",
  "with background": "with background",
  "panel position": "panel position",
  "chart": "chart",
  "apex chart": "apex chart",
  "rechart chart": "rechart chart",
  "chart js": "chart js",
  "unovis": "unovis",
  "line": "line",
  "area": "area",
  "column": "column",
  "bar": "bar",
  "combo/mixed": "combo/mixed",
  "Range Area": "Range Area",
  "funnel": "funnel",
  "candle stick": "candle stick",
  "boxplot": "boxplot",
  "pie": "pie",
  "radar": "radar",
  "polar area": "polar area",
  "radial bars": "radial bars",
  "bubble": "bubble",
  "scatter": "scatter",
  "heatmap": "heatmap",
  "treemap": "treemap",
  "composed": "composed",
  "tree map": "tree map",
  "other": "other",
  "scales": "scales",
  "scale options": "scale options",
  "legend": "legend",
  "title": "title",
  "subtitle": "subtitle",
  "scriptable options": "scriptable options",
  "animations": "animations",
  "maps": "maps",
  "google": "google",
  "vector": "vector",
  "react leaflet": "react leaflet",
  "unovis map": "unovis map",
  "leaflet map": "leaflet map",
  "leaflet flow": "leaflet flow",
  "leaflet advance": "leaflet advance",
  "icons": "icons",
  "hero icons": "hero icons",
  "lucide icons": "lucide icons",
  "custom icons": "custom icons",
  "multi level": "multi level",
  "level 1.1": "level 1.1",
  "level 2": "level 2",
  "application": "application",
  "components": "components",
  "forms": "forms",
  "menu": "menu"
}
