{"preloader_switch":"1","preloader_text":"Hostim","preloader_color":"","preload_bar_bg":{"background-color":"","background-gradient-color":"","background-gradient-direction":""},"back_to_top":"1","custom-css":".element{ color: #ffbc00; }","global_header_type":"box","global_header_height":"","global_header_bg_color":"","global_sticky_header_bg_color":"","main_logo":{"url":"https:\/\/hostim.themetags.com\/wp-content\/uploads\/2022\/09\/logo.svg","id":"2234","width":"160","height":"46","thumbnail":"https:\/\/hostim.themetags.com\/wp-content\/uploads\/2022\/09\/logo.svg","alt":"","title":"logo","description":""},"retina_logo":{"url":"https:\/\/hostim.themetags.com\/wp-content\/uploads\/2022\/09\/logo-ratina.svg","id":"2237","width":"324","height":"90","thumbnail":"https:\/\/hostim.themetags.com\/wp-content\/uploads\/2022\/09\/logo-ratina.svg","alt":"","title":"logo-ratina","description":""},"sticky_logo":{"url":"","id":"","width":"","height":"","thumbnail":"","alt":"","title":"","description":""},"retina_logo_sticky":{"url":"","id":"","width":"","height":"","thumbnail":"","alt":"","title":"","description":""},"dark_mode_logo":{"url":"https:\/\/hostim.themetags.com\/wp-content\/uploads\/2022\/09\/logo-white.svg","id":"2235","width":"161","height":"46","thumbnail":"https:\/\/hostim.themetags.com\/wp-content\/uploads\/2022\/09\/logo-white.svg","alt":"","title":"logo-white","description":""},"mobile_logo":{"url":"","id":"","width":"","height":"","thumbnail":"","alt":"","title":"","description":""},"mobile_retina_logo":{"url":"","id":"","width":"","height":"","thumbnail":"","alt":"","title":"","description":""},"global_menu_alignment":"ms-auto","menu_color":"","menu_color_hover":"","menu_color_dropdown":"","menu_color_hover_dropdown":"","sticky_menu_color":"","sticky_menu_color_hover":"","top_header":"1","top_left_text":"Get 50% Discount Offer <mark>26 Days<\/mark>","select_nav":"top-header-menu","top_header_mobile":"0","topbar_font_typo":{"font-family":"","font-weight":"","font-style":"","subset":"","text-align":"","text-transform":"","font-size":"","line-height":"","letter-spacing":"","type":"","unit":"px"},"topbar_font_color":"","topbar_separator_color":"","topbar_bg_color":"","topbar_sticky_font_color":"","topbar_sticky_separator_color":"","topbar_sticky_bg_color":"","is_panel_on":"1","re_service_title":"Recommended Services","service_to_show":"4","service_order":"DESC","supported_script_title":"Supported Scripts","supported_scripts":[{"script_title":"WordPress","script_url":"","script_icon":"fab fa-wordpress"},{"script_title":"Hubspot","script_url":"","script_icon":"fab fa-hubspot"},{"script_title":"Joomla","script_url":"","script_icon":"fab fa-joomla"},{"script_title":"Drupal","script_url":"","script_icon":"fab fa-drupal"},{"script_title":"Wix","script_url":"","script_icon":"fab fa-wix"},{"script_title":"Shopify","script_url":"","script_icon":"fab fa-shopify"},{"script_title":"Magento","script_url":"","script_icon":"fab fa-magento"},{"script_title":"Typeo3","script_url":"","script_icon":"fab fa-typo3"}],"header_search":"1","is_cta_btn":"","button_label":"Get Started","button_link":"#","is_dark_mode":"1","hostim_dark_bg":"","hostim_dark_gray_bg":"","footer_style":"1250","copyright_text":"","footer_text_color":"","footer_padding_top":{"top":"","bottom":"","unit":"px"},"footer_bg_color":"","page_header":"1","banner_height":"","custom_title_typography":{"font-family":"","font-weight":"","font-style":"","subset":"","text-align":"","text-transform":"","font-size":"","line-height":"","letter-spacing":"","color":"","type":"","unit":"px"},"page_header_image":{"background-color":"","background-gradient-color":"","background-gradient-direction":"to right","background-image":{"url":"","id":"","width":"","height":"","thumbnail":"","alt":"","title":"","description":""},"background-position":"center center","background-repeat":"no-repeat","background-attachment":"","background-size":"cover","background-origin":"","background-clip":"","background-blend-mode":""},"blog_style":"list","blog_column":"6","blog_sidebar_layout":"right","blog_sidebar_def_width":"8","blog_sidebar_gap":"20","word_count":"48","word_count_grid":"7","author_info":"","blog_list_meta_author":"1","blog_list_meta_comments":"1","blog_list_meta_categories":"1","blog_list_meta_date":"","is_cta_btn_blog":"","single_post_nav":"","post_share_icon":"1","services_slug":"","is_contact_info":"1","contact_title":"Contact Info","contact_address":"Chicago 12, Melborne City, USA","contact_phone":"+88 01682648101","contact_email":"info@themetags.com","social_links":[{"name":"Facebook","url":"http:\/\/facebook.com","icon":"fab fa-facebook-f"},{"name":"Twitter","url":"http:\/\/twitter.com","icon":"fab fa-twitter"},{"name":"Dribbble","url":"http:\/\/dribbble.com","icon":"fab fa-dribbble"}],"contact_heading_typo":{"font-family":"","font-weight":"","font-style":"","subset":"","text-align":"","text-transform":"","font-size":"","line-height":"","letter-spacing":"","color":"","type":"google","unit":"px"},"address_typo":{"font-family":"","font-weight":"","font-style":"","subset":"","text-align":"","text-transform":"","font-size":"","line-height":"","letter-spacing":"","color":"","type":"google","unit":"px"},"social_icon_color":"","error_image":{"url":"","id":"","width":"","height":"","thumbnail":"","alt":"","title":"","description":""},"error_text":"404","error_title":"Page not Found","error_description":"There many variations of passages available but the majority have suffered alteration in that that injected humour.","error_bg_image":{"background-color":"","background-gradient-color":"","background-gradient-direction":"to right","background-image":{"url":"","id":"","width":"","height":"","thumbnail":"","alt":"","title":"","description":""},"background-position":"center center","background-repeat":"no-repeat","background-attachment":"","background-size":"auto","background-origin":"","background-clip":"","background-blend-mode":""},"error-text":"","error-heading":"","error-content":"","body-font":{"font-family":"","font-weight":"","font-style":"","subset":"","text-align":"","text-transform":"","font-size":"","line-height":"","letter-spacing":"","color":"","type":"","unit":"px"},"heading-h1":{"font-family":"","font-weight":"","font-style":"","subset":"","text-align":"","text-transform":"","font-size":"","line-height":"","letter-spacing":"","color":"","type":"","unit":"px"},"heading-h2":{"font-family":"","font-weight":"","font-style":"","subset":"","text-align":"","text-transform":"","font-size":"","line-height":"","letter-spacing":"","color":"","type":"","unit":"px"},"heading-h3":{"font-family":"","font-weight":"","font-style":"","subset":"","text-align":"","text-transform":"","font-size":"","line-height":"","letter-spacing":"","color":"","type":"","unit":"px"},"heading-h4":{"font-family":"","font-weight":"","font-style":"","subset":"","text-align":"","text-transform":"","font-size":"","line-height":"","letter-spacing":"","color":"","type":"","unit":"px"},"heading-h5":{"font-family":"","font-weight":"","font-style":"","subset":"","text-align":"","text-transform":"","font-size":"","line-height":"","letter-spacing":"","color":"","type":"","unit":"px"},"heading-h6":{"font-family":"","font-weight":"","font-style":"","subset":"","text-align":"","text-transform":"","font-size":"","line-height":"","letter-spacing":"","color":"","type":"","unit":"px"},"body-color":"","main_heading-color":"","main_primary_color":"","theme_gradient_color":{"background-color":"","background-gradient-color":"","background-gradient-direction":""},"theme_gradient_hover":{"background-color":"","background-gradient-color":"","background-gradient-direction":""},"link-color":{"color":"","hover":"","focus":""}}